exposure,snp_excluded,n_iv,ivw_or,ivw_lci,ivw_uci,ivw_p
KOGES_LDL,rs10788994,42,0.850060139719394,0.7606968674454667,0.9499214103067908,0.004149189701638884
KOGES_LDL,rs67171713,42,0.8548181636579577,0.7702770566232181,0.9486380084107746,0.0031531593447216223
KOGES_LDL,rs12740374,42,0.8335720980527692,0.7438902018369367,0.9340658620536684,0.0017215344115452348
KOGES_LDL,rs1963606,42,0.8422207098046864,0.7540798941880658,0.9406638865337568,0.002330164535178996
KOGES_LDL,rs2854725,42,0.8588354014420735,0.7690730969829973,0.9590743060233123,0.00689394268303069
KOGES_LDL,rs1367117,42,0.8474285703867354,0.757678171551043,0.9478103090097102,0.003750088332474595
KOGES_LDL,rs219546,42,0.8488108131664547,0.7595536814935852,0.9485567828880084,0.0038318697855243672
KOGES_LDL,rs75190536,42,0.8494657124712424,0.7599360242732232,0.9495430847016121,0.004089818094138986
KOGES_LDL,rs11689333,42,0.8492104130220801,0.7601878694368668,0.9486580285993682,0.0038175912285477232
KOGES_LDL,rs6453131,42,0.8319999435883585,0.7442497565826787,0.9300962479443318,0.0012191170270334274
KOGES_LDL,rs4704827,42,0.8496931457187189,0.7606270607683476,0.9491884776648171,0.00393860722315536
KOGES_LDL,rs56293029,42,0.8490819877421755,0.7601138011047519,0.9484635338292595,0.0037682437726526113
KOGES_LDL,rs7454595,42,0.8438774372393412,0.7552728294085258,0.9428766683415919,0.002706079877371694
KOGES_LDL,rs7789194,42,0.8514671991600261,0.7634148402805977,0.9496755276317957,0.0038877971868043347
KOGES_LDL,rs10106829,42,0.8470352602969744,0.7577751092859558,0.9468095789823806,0.003477502170600321
KOGES_LDL,rs7004158,42,0.8390575537181507,0.752633479585635,0.9354056091672759,0.001556013437907968
KOGES_LDL,rs112784971,42,0.845434378810814,0.7562828875023082,0.9450951498265197,0.0031446839515231985
KOGES_LDL,rs2737245,42,0.8508827533108033,0.7621803393950941,0.9499083385650942,0.004041370544145547
KOGES_LDL,rs2740488,42,0.8582960743041316,0.7760488047914815,0.9492600808319286,0.002947253783733675
KOGES_LDL,rs10987803,42,0.8436413874065523,0.7547932297072644,0.9429480320342658,0.0027476957830711583
KOGES_LDL,rs550057,42,0.8509701806860691,0.7599985499630565,0.9528310921804812,0.005147956202753762
KOGES_LDL,rs6585139,42,0.8374104282681322,0.7516241010553173,0.9329879448884332,0.0012913201646795186
KOGES_LDL,rs2419607,42,0.8536405303702443,0.7647274883501403,0.952891279824306,0.004804160824648478
KOGES_LDL,rs1976339,42,0.8406179598015103,0.7534870237376537,0.9378244509581473,0.0018721481282548181
KOGES_LDL,rs174580,42,0.8388893476823253,0.7508353019062375,0.9372699124138384,0.0019025177920140193
KOGES_LDL,rs3741297,42,0.8415128130231208,0.753400082071798,0.9399306309268503,0.0022297876167706406
KOGES_LDL,rs10492316,42,0.8390472967543584,0.7527692924688357,0.9352139802115289,0.0015250846385809929
KOGES_LDL,rs671,42,0.8505423908569586,0.7606339109804126,0.9510782364570393,0.004511844372858111
KOGES_LDL,rs1169288,42,0.8445543530942279,0.755526633830311,0.9440726817456029,0.002952498529200367
KOGES_LDL,rs2660369,42,0.8459285905111267,0.7568132628036959,0.9455373147044789,0.0032187661765075135
KOGES_LDL,rs61946969,42,0.8468314101008394,0.7576380467333829,0.9465251121235414,0.0034131925364736344
KOGES_LDL,rs9921399,42,0.8403889718140284,0.7544823174470168,0.9360771056059061,0.0015740318544943265
KOGES_LDL,rs77303550,42,0.8438438281853052,0.7542444660863065,0.9440870147331651,0.003030315271610037
KOGES_LDL,rs2027993,42,0.8467690769065639,0.7574121843092018,0.9466679893183274,0.003464046360396493
KOGES_LDL,rs9892234,42,0.8428630063747334,0.7547081268361066,0.9413149564100685,0.002421502815266098
KOGES_LDL,rs9953437,42,0.8474598183669719,0.75817550202587,0.9472584405952957,0.003569132590395776
KOGES_LDL,rs12459481,42,0.8448532397030704,0.7558195748120775,0.9443748487385273,0.003004122499529834
KOGES_LDL,rs2738464,42,0.8475671088338703,0.7554473796911647,0.9509199757509034,0.0048433361284186145
KOGES_LDL,rs17699089,42,0.8454767022749364,0.7557965300664011,0.9457980099841152,0.003345244087020802
KOGES_LDL,rs7254892,42,0.8495916181525656,0.7448871896465147,0.9690137347879846,0.015137472190395743
KOGES_LDL,rs429358,42,0.8533248927054461,0.7625465756634784,0.9549100287771919,0.00570983798504617
KOGES_LDL,rs78620885,42,0.8394322861365151,0.7523281204047035,0.9366213277117996,0.001739604686199081
KOGES_LDL,rs2229893,42,0.8455893274993946,0.7565293443860981,0.9451336105952347,0.0031390277778658307
KOGES_TC,rs17111483,43,0.8523452223363872,0.7546970240555047,0.9626278557926777,0.010066258760766732
KOGES_TC,rs3903212,43,0.8458881406149821,0.7499706131622818,0.9540730448304154,0.006417318427289844
KOGES_TC,rs12740374,43,0.8409337265035787,0.742962582585252,0.9518238858146679,0.00611994911875435
KOGES_TC,rs10754206,43,0.8471906393220175,0.7507641814658427,0.9560018939016252,0.007148387501311741
KOGES_TC,rs2642438,43,0.847746972352178,0.7508741140599179,0.9571177320875601,0.007631754726509363
KOGES_TC,rs12070208,43,0.854224061713477,0.7568494467087841,0.9641266843536972,0.01072219385454599
KOGES_TC,rs484084,43,0.849023547252332,0.7517883190933183,0.9588350410369386,0.008354950229480063
KOGES_TC,rs13306194,43,0.865748044668705,0.7663168877063419,0.9780805941665578,0.02055444640826005
KOGES_TC,rs1367117,43,0.8525081339917824,0.7543396072944563,0.9634521527098556,0.010573168992801335
KOGES_TC,rs58953077,43,0.8587318415192531,0.7632111670895786,0.9662075287120323,0.011361478881093219
KOGES_TC,rs75190536,43,0.8542694767048635,0.7567581700935411,0.9643455038475442,0.010862022438308432
KOGES_TC,rs1260326,43,0.8522394848026035,0.7531544788225196,0.9643601145307165,0.011228909209305504
KOGES_TC,rs11689333,43,0.854466937082067,0.7570434457666747,0.9644278021943731,0.010883040893021778
KOGES_TC,rs75404951,43,0.853067040556129,0.755628456667385,0.963070367800513,0.01022649395259951
KOGES_TC,rs4704827,43,0.8555198263969699,0.757661067182202,0.966017926828872,0.011807614100486762
KOGES_TC,rs56293029,43,0.8548378917982786,0.7571036020673731,0.9651886733317877,0.011341779110924785
KOGES_TC,rs8191738,43,0.8418213698029063,0.7494403314544997,0.9455899141182881,0.00369207301639923
KOGES_TC,rs56832849,43,0.8509425466387598,0.7533736459281353,0.961147528313103,0.00938315366228121
KOGES_TC,rs34906420,43,0.8514961271951176,0.7539474498801831,0.961666034872202,0.009606984683246446
KOGES_TC,rs112784971,43,0.8494194412004447,0.7517445869978697,0.9597852775643869,0.008829715211039287
KOGES_TC,rs2737245,43,0.856616951953666,0.7593656412787346,0.9663231551255317,0.01183002648253719
KOGES_TC,rs11789603,43,0.8422650780294756,0.7500509259491855,0.9458163934272109,0.003712277673701975
KOGES_TC,rs1883025,43,0.8758179322157543,0.7781993929523735,0.9856818925038974,0.027864444154402195
KOGES_TC,rs10987819,43,0.8449144526405925,0.7482581681000722,0.9540563173451087,0.006552039871606222
KOGES_TC,rs550057,43,0.8567318195857538,0.7571105583078005,0.9694613324786262,0.014216085361232698
KOGES_TC,rs2297991,43,0.8400957702482312,0.746245689802179,0.9457487163189616,0.003940541992281351
KOGES_TC,rs2419607,43,0.8605510334959314,0.7625234733152312,0.9711807008789214,0.014936281227987661
KOGES_TC,rs662799,43,0.8604549695015347,0.7662256055407854,0.9662725301608015,0.011092008659684028
KOGES_TC,rs11110397,43,0.8422842391073548,0.7480326186061452,0.9484115021221984,0.004585247617187606
KOGES_TC,rs1169288,43,0.8491997929014997,0.7518623778370583,0.9591386795260473,0.008496526912017754
KOGES_TC,rs2660369,43,0.8505192761950844,0.7530221615677996,0.960639774098175,0.00914894964626613
KOGES_TC,rs76898656,43,0.8619456225504423,0.7634645957418056,0.9731299399836562,0.016394103562662063
KOGES_TC,rs1077835,43,0.8383433350496283,0.7403788568301807,0.9492701485711628,0.005416609264369329
KOGES_TC,rs247617,43,0.8387441358623129,0.7409981809649745,0.9493838763912843,0.00540862755189188
KOGES_TC,rs77303550,43,0.8481706032318134,0.7500482253862732,0.9591294903952772,0.00865843026379511
KOGES_TC,rs7405889,43,0.8456727717148704,0.7496201654139881,0.954033082107594,0.006430358194227794
KOGES_TC,rs9953437,43,0.8512454016571288,0.7521276787525537,0.9634251661157156,0.010774330116721357
KOGES_TC,rs12459481,43,0.8497341758389935,0.7524321588158838,0.9596189651503918,0.008682333976367248
KOGES_TC,rs2738464,43,0.8534795199709646,0.7526689277024472,0.9677924306420123,0.013493052035308624
KOGES_TC,rs17699089,43,0.848044774684506,0.7490995288342632,0.9600592607351802,0.009215474934856133
KOGES_TC,rs429358,43,0.8594375383065158,0.7597985157680116,0.9721430970469149,0.015979773475238178
KOGES_TC,rs142385484,43,0.8461483483189555,0.7495861510462734,0.9551497534520198,0.0068875701007584025
KOGES_TC,rs61102029,43,0.8484774818400551,0.7514007949807289,0.9580959216420641,0.008036547008725132
KOGES_TC,rs6124335,43,0.8356403563789792,0.7445404117598353,0.9378870430399615,0.0022972421652087695
KOGES_TG,rs10889356,38,0.8684598833011034,0.7965139009758071,0.94690446454151,0.0013908750985758772
KOGES_TG,rs4076525,38,0.8781313005359299,0.8049248811991384,0.9579957074157707,0.003430984767769307
KOGES_TG,rs13306194,38,0.8822516665940526,0.8105860065199606,0.9602534425060004,0.003751766944989976
KOGES_TG,rs1260326,38,0.8712567715904033,0.793689112924871,0.9564051587463137,0.0037682850238971266
KOGES_TG,rs56001553,38,0.8772035033412711,0.8035658575835085,0.9575891994567881,0.0034033449957078057
KOGES_TG,rs4690098,38,0.8827878400160698,0.8100324933863273,0.962077912729559,0.004497558342519463
KOGES_TG,rs236681,38,0.8803380456200615,0.8074208995925903,0.9598402455982966,0.0038625390226948468
KOGES_TG,rs7702004,38,0.8781049299229023,0.8048124770003112,0.9580719608483496,0.0034642764699646163
KOGES_TG,rs2269426,38,0.8746113479662393,0.8009179721332129,0.9550853353358044,0.0028516872357306775
KOGES_TG,rs34046799,38,0.8847056599725983,0.8145548478548463,0.9608979761753609,0.003657066773690249
KOGES_TG,rs58770498,38,0.8846321353944477,0.8139781799073793,0.9614189105924043,0.0038961238397541196
KOGES_TG,rs10807139,38,0.8730086124205036,0.8004448248958824,0.9521506213242229,0.002158876890574248
KOGES_TG,rs6905288,38,0.8750558070067049,0.8014078117762025,0.955471925933744,0.0029254003120763542
KOGES_TG,rs72976941,38,0.8756058409086618,0.8018156879764737,0.9561868146633972,0.0031020545116240946
KOGES_TG,rs61010704,38,0.8615974493066332,0.7912732334441646,0.9381717127223912,0.0006054446480195903
KOGES_TG,rs939955,38,0.876102184418244,0.8022848466707223,0.9567113734324868,0.0032250215163890468
KOGES_TG,rs343,38,0.8737838990762694,0.800488101868302,0.9537909439290337,0.0025410198550352993
KOGES_TG,rs76920767,38,0.8769827861386503,0.8032122978158627,0.9575286748906655,0.0034106615928296137
KOGES_TG,rs2954021,38,0.8811067964493267,0.8066682206107599,0.9624144932366258,0.0049434733361234376
KOGES_TG,rs2068888,38,0.871816915604694,0.7991497559543561,0.9510917430323206,0.002006325593998609
KOGES_TG,rs1907256,38,0.8715835918102852,0.7997508571312133,0.9498682630211708,0.0017361189696089023
KOGES_TG,rs97384,38,0.876173236945936,0.8021625972010145,0.957012386041163,0.0033264573653202503
KOGES_TG,rs7110823,38,0.8732043900466485,0.8001801474007573,0.9528928070429381,0.0023428383029693678
KOGES_TG,rs6589558,38,0.8721496268040109,0.7981715904806044,0.9529842713098409,0.0024873837612114235
KOGES_TG,rs7350481,38,0.8895869086593181,0.8061086914138831,0.9817098816662291,0.0199561664660995
KOGES_TG,rs74368849,38,0.8673172496060774,0.7858082438720767,0.9572808854200686,0.004697960329113044
KOGES_TG,rs17120373,38,0.8801364012973901,0.8050658783952127,0.9622070760629655,0.005000914641871799
KOGES_TG,rs10892103,38,0.8699990065563918,0.799795329531151,0.9463649554603064,0.0011777517487224138
KOGES_TG,rs261291,38,0.877105054426685,0.8029169569496226,0.9581480000416868,0.003635381775552376
KOGES_TG,rs2070895,38,0.8712810852911104,0.7974427761893118,0.9519563688490152,0.002290286958135811
KOGES_TG,rs2084152,38,0.8739658622920989,0.800663647892265,0.953979027851092,0.002577129040585526
KOGES_TG,rs7499892,38,0.8729104832508999,0.8002623284508169,0.9521536684656643,0.0021700680273516863
KOGES_TG,rs35137323,38,0.8750446577545175,0.8012601361620582,0.9556236713988403,0.0029783953445067252
KOGES_TG,rs737337,38,0.8763013902255327,0.8025234221177739,0.9568619498790254,0.0032535242460994566
KOGES_TG,rs58542926,38,0.872954428374176,0.7990654973820699,0.9536758081968761,0.0026024519522546774
KOGES_TG,rs59536587,38,0.8815212005308009,0.809894525127783,0.959482504049103,0.0035385783750808814
KOGES_TG,rs483082,38,0.8716627816138787,0.7972040448411284,0.9530759530983828,0.0025701811486670465
KOGES_TG,rs56084109,38,0.8752962733691675,0.8014808058677584,0.9559100611828794,0.0030450458386886395
KOGES_TG,rs16990971,38,0.8749795016024715,0.8011450731638092,0.9556185937724293,0.002984937067333751
KOGES_LIP,rs629301,8,0.8393338798875554,0.7694123839851927,0.9156095958297638,7.924454496465328e-05
KOGES_LIP,rs79490663,8,0.8684198391447688,0.7969066608330154,0.9463505001098895,0.0012924924352293444
KOGES_LIP,rs1260326,8,0.8568797931136628,0.786731643183827,0.9332826335484654,0.00039336449540542604
KOGES_LIP,rs2980860,8,0.8555652946788479,0.7842761685080821,0.9333344590227219,0.0004409584512069468
KOGES_LIP,rs635634,8,0.8610184433327369,0.7890804359403294,0.9395148149575856,0.0007748781792047929
KOGES_LIP,rs651821,8,0.8808253222810284,0.8020275418172224,0.967364844620623,0.007956202806681247
KOGES_LIP,rs2738464,8,0.8586929464184045,0.7877598182228599,0.9360131846939689,0.0005337162929407299
KOGES_LIP,rs2278426,8,0.8497294660738436,0.7798473468131615,0.9258737219082034,0.0002000401383718858
KOGES_LIP,rs429358,8,0.8654477350394034,0.7945243688764521,0.9427020887276301,0.0009244107805428902
