exposure,snp_excluded,n_iv,ivw_or,ivw_lci,ivw_uci,ivw_p
KOGES_LIP,All 9 IVs,9,0.8591546619794925,0.7914965157333106,0.9325963141065926,0.0002861756508906
KOGES_LIP,rs629301,8,0.8393338798875554,0.7694123839851927,0.9156095958297638,7.924454496465328e-05
KOGES_LIP,rs2278426,8,0.8497294660738436,0.7798473468131615,0.9258737219082034,0.0002000401383718
KOGES_LIP,rs2980860,8,0.8555652946788479,0.7842761685080821,0.933334459022722,0.0004409584512069
KOGES_LIP,rs1260326,8,0.8568797931136628,0.786731643183827,0.9332826335484654,0.0003933644954054
KOGES_LIP,rs2738464,8,0.8586929464184045,0.7877598182228599,0.9360131846939688,0.0005337162929407
KOGES_LIP,rs635634,8,0.8610184433327369,0.7890804359403294,0.9395148149575856,0.0007748781792047
KOGES_LIP,rs429358,8,0.8654477350394034,0.7945243688764521,0.94270208872763,0.0009244107805428
KOGES_LIP,rs79490663,8,0.8684198391447688,0.7969066608330154,0.9463505001098896,0.0012924924352293
KOGES_LIP,rs651821,8,0.8808253222810284,0.8020275418172224,0.967364844620623,0.0079562028066812
